<productinfo
	xmlns:xsi="http://www.w3.org/2001/XMLSchema-instance"
	xsi:noNamespaceSchemaLocation="">
	<?xml-stylesheet type="text/xsl" href="optional"?>	
	
	<matlabrelease>2017b</matlabrelease>
	<name>AROC</name>
	<type>toolbox</type>
	<icon>$toolbox/matlab/icons/matlabicon.gif</icon>
	<help_location>html</help_location>
	<help_contents_icon>$toolbox/matlab/icons/book_mat.gif</help_contents_icon>
    
    <list>
		<listitem>
			<label>Help</label>
			<callback>web ./html/product_page.html</callback>
			<icon>$toolbox/matlab/icons/book_mat.gif</icon>
		</listitem>
		<listitem>
			<label>Function Reference</label>
			<callback>web ./html/functions_index.html</callback>
			<icon>$toolbox/matlab/icons/help_fx.png</icon>
		</listitem>
	</list>

</productinfo>